id,name,model_id:id,group_id:id,perm_read,perm_write,perm_create,perm_unlink
access_umtti_course_trainer,umtti.course trainer,model_umtti_course,group_umtti_trainer,1,0,0,0
access_umtti_course_user,umtti.course user,model_umtti_course,group_umtti_user,1,0,0,0
access_umtti_course_manager,umtti.course manager,model_umtti_course,group_umtti_manager,1,1,1,1
access_umtti_course_unit_trainer,umtti.course.unit trainer,model_umtti_course_unit,group_umtti_trainer,1,0,0,0
access_umtti_course_unit_user,umtti.course.unit user,model_umtti_course_unit,group_umtti_user,1,0,0,0
access_umtti_course_unit_manager,umtti.course.unit manager,model_umtti_course_unit,group_umtti_manager,1,1,1,1
access_umtti_equipment_item_trainer,umtti.equipment.item trainer,model_umtti_equipment_item,group_umtti_trainer,1,0,0,0
access_umtti_equipment_item_user,umtti.equipment.item user,model_umtti_equipment_item,group_umtti_user,1,0,0,0
access_umtti_equipment_item_manager,umtti.equipment.item manager,model_umtti_equipment_item,group_umtti_manager,1,1,1,1
access_umtti_class_trainer,umtti.class trainer,model_umtti_class,group_umtti_trainer,1,0,0,0
access_umtti_class_user,umtti.class user,model_umtti_class,group_umtti_user,1,1,1,0
access_umtti_class_manager,umtti.class manager,model_umtti_class,group_umtti_manager,1,1,1,1
access_umtti_timetable_slot_trainer,umtti.timetable.slot trainer,model_umtti_timetable_slot,group_umtti_trainer,1,0,0,0
access_umtti_timetable_slot_user,umtti.timetable.slot user,model_umtti_timetable_slot,group_umtti_user,1,1,1,0
access_umtti_timetable_slot_manager,umtti.timetable.slot manager,model_umtti_timetable_slot,group_umtti_manager,1,1,1,1
access_umtti_scheme_work_trainer,umtti.scheme.work trainer,model_umtti_scheme_work,group_umtti_trainer,1,1,1,0
access_umtti_scheme_work_user,umtti.scheme.work user,model_umtti_scheme_work,group_umtti_user,1,1,1,0
access_umtti_scheme_work_manager,umtti.scheme.work manager,model_umtti_scheme_work,group_umtti_manager,1,1,1,1
access_umtti_scheme_work_line_trainer,umtti.scheme.work.line trainer,model_umtti_scheme_work_line,group_umtti_trainer,1,1,1,1
access_umtti_scheme_work_line_user,umtti.scheme.work.line user,model_umtti_scheme_work_line,group_umtti_user,1,1,1,1
access_umtti_scheme_work_line_manager,umtti.scheme.work.line manager,model_umtti_scheme_work_line,group_umtti_manager,1,1,1,1
access_umtti_attendance_sheet_trainer,umtti.attendance.sheet trainer,model_umtti_attendance_sheet,group_umtti_trainer,1,1,1,0
access_umtti_attendance_sheet_user,umtti.attendance.sheet user,model_umtti_attendance_sheet,group_umtti_user,1,1,1,0
access_umtti_attendance_sheet_manager,umtti.attendance.sheet manager,model_umtti_attendance_sheet,group_umtti_manager,1,1,1,1
access_umtti_attendance_line_trainer,umtti.attendance.line trainer,model_umtti_attendance_line,group_umtti_trainer,1,1,1,1
access_umtti_attendance_line_user,umtti.attendance.line user,model_umtti_attendance_line,group_umtti_user,1,1,1,1
access_umtti_attendance_line_manager,umtti.attendance.line manager,model_umtti_attendance_line,group_umtti_manager,1,1,1,1
access_umtti_student_document_user,umtti.student.document user,model_umtti_student_document,group_umtti_user,1,1,1,0
access_umtti_student_document_manager,umtti.student.document manager,model_umtti_student_document,group_umtti_manager,1,1,1,1
access_umtti_student_equipment_user,umtti.student.equipment user,model_umtti_student_equipment,group_umtti_user,1,1,1,0
access_umtti_student_equipment_manager,umtti.student.equipment manager,model_umtti_student_equipment,group_umtti_manager,1,1,1,1
access_umtti_grade_band_trainer,umtti.grade.band trainer,model_umtti_grade_band,group_umtti_trainer,1,0,0,0
access_umtti_grade_band_user,umtti.grade.band user,model_umtti_grade_band,group_umtti_user,1,0,0,0
access_umtti_grade_band_manager,umtti.grade.band manager,model_umtti_grade_band,group_umtti_manager,1,1,1,1
access_umtti_rubric_trainer,umtti.rubric trainer,model_umtti_rubric,group_umtti_trainer,1,1,1,0
access_umtti_rubric_user,umtti.rubric user,model_umtti_rubric,group_umtti_user,1,1,1,0
access_umtti_rubric_manager,umtti.rubric manager,model_umtti_rubric,group_umtti_manager,1,1,1,1
access_umtti_rubric_criterion_trainer,umtti.rubric.criterion trainer,model_umtti_rubric_criterion,group_umtti_trainer,1,1,1,1
access_umtti_rubric_criterion_user,umtti.rubric.criterion user,model_umtti_rubric_criterion,group_umtti_user,1,1,1,1
access_umtti_rubric_criterion_manager,umtti.rubric.criterion manager,model_umtti_rubric_criterion,group_umtti_manager,1,1,1,1
access_umtti_assessment_trainer,umtti.assessment trainer,model_umtti_assessment,group_umtti_trainer,1,1,1,0
access_umtti_assessment_user,umtti.assessment user,model_umtti_assessment,group_umtti_user,1,1,1,0
access_umtti_assessment_manager,umtti.assessment manager,model_umtti_assessment,group_umtti_manager,1,1,1,1
access_umtti_assessment_result_trainer,umtti.assessment.result trainer,model_umtti_assessment_result,group_umtti_trainer,1,1,1,1
access_umtti_assessment_result_user,umtti.assessment.result user,model_umtti_assessment_result,group_umtti_user,1,1,1,1
access_umtti_assessment_result_manager,umtti.assessment.result manager,model_umtti_assessment_result,group_umtti_manager,1,1,1,1
access_umtti_assessment_result_score_trainer,umtti.assessment.result.score trainer,model_umtti_assessment_result_score,group_umtti_trainer,1,1,1,1
access_umtti_assessment_result_score_user,umtti.assessment.result.score user,model_umtti_assessment_result_score,group_umtti_user,1,1,1,1
access_umtti_assessment_result_score_manager,umtti.assessment.result.score manager,model_umtti_assessment_result_score,group_umtti_manager,1,1,1,1
access_umtti_poe_trainer,umtti.poe trainer,model_umtti_poe,group_umtti_trainer,1,1,1,0
access_umtti_poe_user,umtti.poe user,model_umtti_poe,group_umtti_user,1,1,1,0
access_umtti_poe_manager,umtti.poe manager,model_umtti_poe,group_umtti_manager,1,1,1,1
access_umtti_poe_entry_trainer,umtti.poe.entry trainer,model_umtti_poe_entry,group_umtti_trainer,1,1,1,1
access_umtti_poe_entry_user,umtti.poe.entry user,model_umtti_poe_entry,group_umtti_user,1,1,1,1
access_umtti_poe_entry_manager,umtti.poe.entry manager,model_umtti_poe_entry,group_umtti_manager,1,1,1,1
access_umtti_graduation_user,umtti.graduation user,model_umtti_graduation,group_umtti_user,1,1,1,0
access_umtti_graduation_manager,umtti.graduation manager,model_umtti_graduation,group_umtti_manager,1,1,1,1
access_umtti_graduation_line_user,umtti.graduation.line user,model_umtti_graduation_line,group_umtti_user,1,1,1,1
access_umtti_graduation_line_manager,umtti.graduation.line manager,model_umtti_graduation_line,group_umtti_manager,1,1,1,1
access_umtti_tool_issue_user,umtti.tool.issue user,model_umtti_tool_issue,group_umtti_user,1,1,1,0
access_umtti_tool_issue_manager,umtti.tool.issue manager,model_umtti_tool_issue,group_umtti_manager,1,1,1,1
